"om1","N","n","repliques","b1_moyen","b1_et_empirique","om1_mediane","om1_erreur_rel_pct","om1_sous_005_pct","shrinkage_pct","shrinkage_vrai_pct","cor_ebe","bon_conseil_ind","bon_conseil_pop","gain_oracle","gain_pop","gain_ind"
0.15,10,20,200,0.156184297870849,0.131385834249662,0.10953025,85.3628888507667,41,68.0558617726285,48.6378910585294,0.385116519419034,77.1,77.6,0.164022366881917,0.138370230603648,0.138058234670667
0.15,10,50,200,0.149839695452695,0.0831765521348787,0.13512265,65.5952182025139,31,55.7729915695283,43.332793967258,0.535924772980732,81.4,81.45,0.160902206857152,0.144331079616235,0.143613708640842
0.15,10,100,200,0.147615197776695,0.073981722193674,0.1458658,51.0801803938038,17.5,40.9497220195467,33.2674400677058,0.689890337395108,84.85,82.95,0.165063978063427,0.150422621040077,0.153432845794681
0.15,10,200,200,0.141941805333779,0.0635612151083467,0.13513845,40.4735068164165,8,29.546948705581,30.4345511005625,0.771608866524397,87.85,83.45,0.15849245725065,0.145230371859433,0.151055082983168
0.15,30,20,200,0.1483761513861,0.0700276014684435,0.1404018,66.371674926744,30.5,66.265302415587,55.0429233350452,0.392904583321841,80.8333333333333,82.7166666666667,0.160068509117147,0.145277517277147,0.14202845744476
0.15,30,50,200,0.150713967556085,0.0463149208758158,0.14935695,44.0086076176906,12,49.6567428798521,44.2339739915473,0.556233932094066,84.25,84.1833333333333,0.16323175889029,0.1508898103666,0.15123141639459
0.15,30,100,200,0.148803334939353,0.0401286910878344,0.14560915,33.7594739672953,9,37.5434239934928,37.2095341899942,0.668603512386743,85.95,83.7666666666667,0.160146385787928,0.147195997541867,0.150473514510725
0.15,30,200,200,0.150406375771812,0.0362035044412389,0.1494907,20.9059503140862,0.5,22.2791545428364,22.8736482461741,0.794432149358296,87.6333333333333,83.8,0.161642681940827,0.149541013536832,0.154776356861626
0.15,100,20,200,0.14750915958995,0.0389597421679921,0.12483155,58.4531025461447,32,69.3838776918621,64.9184400957959,0.389362314140217,83.66,84.475,0.16275716121929,0.150497182699115,0.149083805318544
0.15,100,50,200,0.149011112328139,0.0277850321421438,0.1487797,27.6042714712992,3,47.1704577716646,46.2199010525125,0.556115502461412,83.99,83.765,0.161780628008853,0.148917468637258,0.149381667005316
0.15,100,100,200,0.150302085733989,0.0210098875329348,0.14921645,15.5351059982323,0,32.2860193705893,32.0591698543637,0.693298252947802,86.08,83.915,0.163230723018945,0.150196286577748,0.153510051173191
0.15,100,200,200,0.150372141658295,0.0182424780916574,0.1482855,11.4952868437073,0,20.5920191958787,20.7440128293462,0.795756350199724,88.35,84.44,0.162472133768468,0.150038897051263,0.155792080306086
0.35,10,20,200,0.144075107462126,0.147541244253476,0.3342788,49.8055793354428,11.5,39.2885737937597,33.5441626147925,0.665427217891832,75.6,64.3,0.221040566809335,0.135752337680228,0.177403822154836
0.35,10,50,200,0.138031517480555,0.133198590956151,0.3456773,35.5208428826084,2.5,21.0650647409474,19.2268396216143,0.830202169577893,82.95,64.5,0.218861970530583,0.137633858977453,0.197695859896898
0.35,10,100,200,0.152033203933314,0.119945242130125,0.33933615,30.8538130209184,0,12.1180806682171,13.6722195405755,0.897083159924999,87.6,67.8,0.227311034955488,0.154245825068541,0.215311043315048
0.35,10,200,200,0.160734457029642,0.124097673942333,0.33060595,26.3461906097913,0,6.17813076741222,8.69880090516396,0.945180172527758,90.1,68.6,0.235604116545841,0.16625453241911,0.228928858379922
0.35,30,20,200,0.146530094523113,0.0930605261838212,0.33974115,29.2863326731192,0.5,32.0752103145991,30.2940368062598,0.701314081777061,76.35,65.9,0.225415384983658,0.144374622889178,0.18475720461227
0.35,30,50,200,0.149085212973284,0.0689242639857322,0.3423053,19.0520302422002,0.5,17.1300102493556,17.4456194194216,0.844527288023829,83.1333333333333,66.2166666666667,0.229120498151517,0.150956510079368,0.208963050488219
0.35,30,100,200,0.149828634290026,0.0719228319636933,0.3375395,14.3395773586586,0,9.68566101715508,11.1571850927271,0.907998827528541,87.1666666666667,66.6666666666667,0.226576753300478,0.150432532463856,0.214687978824185
0.35,30,200,200,0.151916002528823,0.0654602890726678,0.3523606,13.7826554816838,0,5.12048679919131,5.24686721766476,0.951202207739446,91.5666666666667,67.7666666666667,0.228389680162779,0.152561288661248,0.222858085941353
0.35,100,20,200,0.150242797887755,0.0501202862939255,0.35158355,15.1057895232381,0,29.5423872167668,28.8499699259715,0.713716445991802,77.695,66.6,0.22671979112392,0.148254996778324,0.190916857135008
0.35,100,50,200,0.150365376007258,0.0453421179291974,0.3493615,9.29619813550306,0,15.9529262429947,15.9912166374791,0.843267767521387,83.715,67.07,0.230617240136806,0.153969336563811,0.21104526875207
0.35,100,100,200,0.152278122528388,0.0409865632274176,0.34847375,8.62201554011661,0,9.09342475671814,9.09419144216834,0.910446468548537,87.605,66.925,0.227368271051103,0.150356598875377,0.215970237101926
0.35,100,200,200,0.150445464181389,0.0361683430444104,0.34441835,7.97687851972339,0,5.05300401162808,6.70469174808341,0.950676597019122,90.86,66.98,0.226582111964253,0.1506550716891,0.220222880126366
