"duree_semaines","profil","heures","elan_moyen","elan_ecart_type","elan","elan_relatif_moy","elan_relatif_et","niveau_final_moy","braises_moy","braises_et","part_minutes_pct","part_bonus_pct","part_engagements_pct","part_commune_pct","sem_moy_n2","sem_moy_n3","sem_moy_n4","sem_moy_n5","sem_moy_n6","sem_moy_n7","sem_moy_n8","sem_moy_n9","sem_moy_n10","prop_n2","prop_n3","prop_n4","prop_n5","prop_n6","prop_n7","prop_n8","prop_n9","prop_n10"
13,"Marathonienne (8 h, 6 j/sem)",595,50712,1217,"50712 ± 1217",1.48,0.06,10,62.6,8.6,40.5,8.4,49.8,1.3,1,1,2,2,3,4,4.9,6,7,1,1,1,1,1,1,1,1,1
13,"Régulière (3 h, 5 j/sem)",185,34358,995,"34358 ± 995",1,0,10,51.2,7.4,28,5.7,64.4,1.9,1,1.2,2,3,4,5.1,6.7,8.2,10,1,1,1,1,1,1,1,1,1
13,"Petits pas (1 h, 6 j/sem)",74,26174,571,"26174 ± 571",0.76,0.03,9.96,64.7,8.8,17,3.5,76.9,2.5,1,2,2.8,4,5,6.9,8.6,10.7,13,1,1,1,1,1,1,1,1,0.96
13,"Irrégulier (3 h, un jour sur deux au hasard)",138,21018,2543,"21018 ± 2543",0.61,0.08,8.64,29.8,4.2,34.3,4.3,58.4,3.1,1.2,1.9,3,4.6,6.3,8.3,10.5,12.2,12.9,1,1,1,1,1,1,0.96,0.62,0.06
13,"Bachoteur sur 4 semaines (5 h 30 par jour)",173,19126,214,"19126 ± 214",0.56,0.02,8,45,0.1,40,5.4,51.2,3.4,2.7,5.8,9.9,10,11,12,13,NA,NA,1,1,1,1,1,1,1,0,0
13,"Week-end seulement (2 × 7 h 30)",185,17820,904,"17820 ± 904",0.52,0.03,7.95,25.5,2.4,37.4,6.8,52.1,3.6,1.1,2.2,3.4,5.3,7.3,9.6,12.3,NA,NA,1,1,1,1,1,1,0.95,0,0
13,"Bachoteur sur 2 semaines (10 h 50 par jour)",172,13277,191,"13277 ± 191",0.39,0.01,7,29,0.1,41.1,4,50,4.9,2.7,5.8,9.9,12,12.9,13,NA,NA,NA,1,1,1,1,1,1,0,0,0
15,"Marathonienne (8 h, 6 j/sem)",685,58380,1409,"58380 ± 1409",1.47,0.06,10,72.6,9.6,40.4,8.5,49.8,1.3,1,1,2,2,3,4,4.9,6,7,1,1,1,1,1,1,1,1,1
15,"Régulière (3 h, 5 j/sem)",214,39712,1126,"39712 ± 1126",1,0,10,59.2,8.1,28,5.8,64.4,1.9,1,1.2,2,3,4,5.1,6.7,8.2,10,1,1,1,1,1,1,1,1,1
15,"Petits pas (1 h, 6 j/sem)",85,30132,570,"30132 ± 570",0.76,0.03,10,74.4,9,17,3.6,76.9,2.5,1,2,2.8,4,5,6.9,8.6,10.7,13,1,1,1,1,1,1,1,1,1
15,"Irrégulier (3 h, un jour sur deux au hasard)",156,23828,2387,"23828 ± 2387",0.6,0.06,9.19,34.6,4.7,34.1,4.2,58.6,3.2,1.2,2.1,3.2,4.7,6.4,8.5,10.9,13.1,14.4,1,1,1,1,1,1,1,0.9,0.29
15,"Week-end seulement (2 × 7 h 30)",213,20525,1065,"20525 ± 1065",0.52,0.03,8.6,29.4,3.1,37.4,6.9,52,3.6,1.1,2.2,3.4,5.3,7.3,9.7,12.4,14.8,NA,1,1,1,1,1,1,1,0.6,0
15,"Bachoteur sur 4 semaines (5 h 30 par jour)",178,20028,229,"20028 ± 229",0.5,0.02,8.05,47,0.2,39.4,5.2,51.7,3.7,2.6,5.8,9.9,12,13,13.8,14.6,15,NA,1,1,1,1,1,1,1,0.05,0
15,"Bachoteur sur 2 semaines (10 h 50 par jour)",177,14170,189,"14170 ± 189",0.36,0.01,7,31,0.1,40.3,3.8,50.7,5.3,2.6,5.7,9.9,14,14,15,NA,NA,NA,1,1,1,1,1,1,0,0,0
